Card,Card Name,Card Type,Image,Latest Appearance,Main Keywords,Major or Minor,One Liner,Reading Journal,Times Appeared,id,_source_file
# XIV Temperance - Reversed,# XIV Temperance - Reversed (#%20XIV%20Temperance%20-%20Reversed%2013ef84a04402819cbb32cf659834ae7c.md),Major Card,14_Temperance.jpg,,"Imbalance, disharmony, lack of moderation",Major,"Temperance embodies balance, harmony, and moderation. It advises finding a middle path and integrating opposites to achieve inner peace.",,0,14.0,card_list_all
# King of Pentacles - Reversed,# King of Pentacles - Reversed (#%20King%20of%20Pentacles%20-%20Reversed%2013ef84a044028143a728fb135cef716a.md),Pentacles,63_King_of_Pentacles.jpg,,"Financial Instability, Lack of Growth, lost potential",Minor,"The King of Pentacles symbolizes financial stability, leadership, and mastery of the material world. It advises you to take charge of your resources and make sound financial decisions.",,0,63.0,card_list_all
# Two of Pentacles - Reversed,# Two of Pentacles - Reversed (#%20Two%20of%20Pentacles%20-%20Reversed%2013ef84a0440281c882c8d01c9135dfea.md),Pentacles,51_Two_of_Pentacles.jpg,,"Imbalance, Lack of Flexibility, Overwhelm",Minor,"The Two of Pentacles represents balance, adaptability, and juggling multiple responsibilities. It advises you to find equilibrium in a situation that requires flexibility and careful management.",,0,51.0,card_list_all
# Queen of Pentacles - Reversed,# Queen of Pentacles - Reversed (#%20Queen%20of%20Pentacles%20-%20Reversed%2013ef84a04402813aba5dd53a9afd90fe.md),Pentacles,62_Queen_of_Pentacles.jpg,,"Financial Instability, Lack of Growth, emotional disconnect",Minor,"The Queen of Pentacles embodies nurturing, abundance, and a strong connection to the natural world. She encourages you to care for and provide for others, creating a warm and secure environment.",,0,62.0,card_list_all
# Page of Wands - Reversed,# Page of Wands - Reversed (#%20Page%20of%20Wands%20-%20Reversed%2013ef84a044028155b0aacd129fc46539.md),Wands,32_Page_of_Wands.jpg,,"Creative Block, Lack of Growth, Mental Confusion",Minor,"The Page of Wands signifies enthusiasm, exploration, and a spark of creative inspiration. It encourages you to embrace new experiences and take the first steps in pursuing your passions.",,0,32.0,card_list_all
# II The High Priestess - Reversed,# II The High Priestess - Reversed (#%20II%20The%20High%20Priestess%20-%20Reversed%2013ef84a0440281efa575dde6ba9d2737.md),Major Card,2_The_High_Priestess.jpg,,"Hidden Knowledge, Intuition, emotional disconnect",Major,The High Priestess embodies intuition and hidden knowledge. She encourages you to listen to your inner wisdom and explore the mysteries of life.,,0,2.0,card_list_all
# Five of Cups - Reversed,# Five of Cups - Reversed (#%20Five%20of%20Cups%20-%20Reversed%2013ef84a04402819a9319d0a2b1eabe19.md),Cups,40_Five_of_Cups.jpg,,"Emotional Setbacks, Loss, new perspective",Minor,"The Five of Cups signifies disappointment, loss, and emotional setbacks. It encourages you to acknowledge your grief but also reminds you that there are still positive aspects in your life.",,0,40.0,card_list_all
# XVII The Stars - Reversed,# XVII The Stars - Reversed (#%20XVII%20The%20Stars%20-%20Reversed%2013ef84a0440281beb4f4e5747b269b41.md),Major Card,17_The_Stars.jpg,,"lack of inspiration, lost hope, spiritual disconnection",Major,"The Stars represent hope, inspiration, and spiritual guidance. It suggests finding your inner light and pursuing your dreams with a sense of purpose and faith.",,0,17.0,card_list_all
# Two of Wands - Reversed,# Two of Wands - Reversed (#%20Two%20of%20Wands%20-%20Reversed%2013ef84a0440281159325de76bee3dfd8.md),Wands,23_Two_of_Wands.jpg,,"Choices, Lack of Growth, New Beginnings",Minor,"The Two of Wands represents planning, choices, and taking a new direction. It advises making decisions and setting goals that align with your long-term vision.",,0,23.0,card_list_all
# Ten of Cups - Reversed,# Ten of Cups - Reversed (#%20Ten%20of%20Cups%20-%20Reversed%2013ef84a04402812b924edbbe7af1b0b4.md),Cups,45_Ten_of_Cups.jpg,,"emotional disconnect, lack of harmony, unfulfilled potential",Minor,"The Ten of Cups symbolizes harmony, love, and domestic bliss. It represents a joyful and loving family or a deep sense of emotional fulfillment in your personal life.",,0,45.0,card_list_all
# King of Wands - Reversed,# King of Wands - Reversed (#%20King%20of%20Wands%20-%20Reversed%2013ef84a04402816ab6a8c5f4e810e5e2.md),Wands,35_King_of_Wands.jpg,,"Emotional Setbacks, Lack of Direction, Loss",Minor,"The King of Wands symbolizes leadership, vision, and taking charge of situations. It suggests that you have the qualities of a natural leader and can inspire others with your ideas and actions.",,0,35.0,card_list_all
# Seven of Cups - Reversed,# Seven of Cups - Reversed (#%20Seven%20of%20Cups%20-%20Reversed%2013ef84a0440281db9744d0d3083aaf16.md),Cups,42_Seven_of_Cups.jpg,,"Mental Confusion, lost potential, unrealistic expectations",Minor,"The Seven of Cups represents choices, fantasies, and daydreams. It advises you to be mindful of your options and avoid getting lost in unrealistic or overly idealistic dreams.",,0,42.0,card_list_all
# Ace of Pentacles - Reversed,# Ace of Pentacles - Reversed (#%20Ace%20of%20Pentacles%20-%20Reversed%2013ef84a044028121a290c8bda39c4912.md),Pentacles,50_Ace_of_Pentacles.jpg,,"Financial Instability, Lack of Growth, Missed Opportunities",Minor,"The Ace of Pentacles signifies a new opportunity for prosperity, growth, and material well-being. It marks the start of a stable and fruitful venture or financial gain.",,0,50.0,card_list_all
# Knight of Pentacles - Reversed,# Knight of Pentacles - Reversed (#%20Knight%20of%20Pentacles%20-%20Reversed%2013ef84a0440281afbad5ec6a960d96e0.md),Pentacles,61_Knight_of_Pentacles.jpg,,"Financial Struggle, Lack of Growth, Mental Confusion",Minor,"The Knight of Pentacles represents diligence, reliability, and a methodical approach to tasks. It suggests a commitment to practicality and a focus on achieving your goals with patience.",,0,61.0,card_list_all
# Ten of Wands - Reversed,# Ten of Wands - Reversed (#%20Ten%20of%20Wands%20-%20Reversed%2013ef84a044028147864bcd3f7da1c079.md),Wands,31_Ten_of_Wands.jpg,,"Burdens, Overwhelmed, Responsibilities",Minor,"The Ten of Wands represents burdens, responsibilities, and feeling overwhelmed by the weight of your obligations. It suggests a need to reassess and prioritize your commitments.",,0,31.0,card_list_all
# VIII Strength - Reversed,# VIII Strength - Reversed (#%20VIII%20Strength%20-%20Reversed%2013ef84a0440281c083b7f57e7982c5fb.md),Major Card,8_Strength.jpg,,"Emotional Setbacks, Inner Turmoil, lack of courage",Major,"Strength embodies inner courage, compassion, and patience. It encourages you to conquer challenges with a gentle yet powerful approach.",,0,8.0,card_list_all
# Four of Pentacles - Reversed,# Four of Pentacles - Reversed (#%20Four%20of%20Pentacles%20-%20Reversed%2013ef84a044028109af39e143df4a48d6.md),Pentacles,53_Four_of_Pentacles.jpg,,"Financial Stability, Material Well-Being, letting go",Minor,"The Four of Pentacles represents stability, possessions, and holding onto what you have. It advises you to be mindful of your resources and avoid excessive attachment to material things.",,0,53.0,card_list_all
# Seven of Wands - Reversed,# Seven of Wands - Reversed (#%20Seven%20of%20Wands%20-%20Reversed%2013ef84a0440281779810d11cf4571946.md),Wands,28_Seven_of_Wands.jpg,,"Emotional Setbacks, Feeling Trapped, Lack of Growth",Minor,"The Seven of Wands symbolizes courage, determination, and standing your ground. It encourages you to defend your beliefs and maintain your position against opposition.",,0,28.0,card_list_all
# Three of Cups - Reversed,# Three of Cups - Reversed (#%20Three%20of%20Cups%20-%20Reversed%2013ef84a044028114bb03c6e8283a2021.md),Cups,38_Three_of_Cups.jpg,,"emotional disconnect, lack of celebration, social disconnection",Minor,"The Three of Cups symbolizes celebration, joy, and social gatherings. It suggests coming together with friends and loved ones to enjoy the simple pleasures of life.",,0,38.0,card_list_all
# Five of Wands - Reversed,# Five of Wands - Reversed (#%20Five%20of%20Wands%20-%20Reversed%2013ef84a0440281598045d994ab09d00b.md),Wands,26_Five_of_Wands.jpg,,"Challenges, Competition, Conflict",Minor,"The Five of Wands represents conflict, competition, and challenges. It advises finding common ground and using your energy wisely to overcome obstacles.",,0,26.0,card_list_all
# Five of Swords - Reversed,# Five of Swords - Reversed (#%20Five%20of%20Swords%20-%20Reversed%2013ef84a04402810da97cf97c0119a3e5.md),Swords,68_Five_of_Swords.jpg,,"Conflict, Emotional Setbacks, Rivalry",Minor,"The Five of Swords signifies conflict, rivalry, and winning at a cost. It warns against excessive competition and suggests that not all victories are worth the price.",,0,68.0,card_list_all
# Ace of Cups - Reversed,# Ace of Cups - Reversed (#%20Ace%20of%20Cups%20-%20Reversed%2013ef84a04402817d9192d6ce53836258.md),Cups,36_Ace_of_Cups.jpg,,"Emotional Setbacks, Heartbreak, emotional disconnect",Minor,"The Ace of Cups signifies new emotions, love, and a heartwarming experience. It represents the start of a deep emotional connection or a surge of loving feelings.",,0,36.0,card_list_all
# Nine of Pentacles - Reversed,# Nine of Pentacles - Reversed (#%20Nine%20of%20Pentacles%20-%20Reversed%2013ef84a044028128b266f12879933068.md),Pentacles,58_Nine_of_Pentacles.jpg,,"Missed Opportunities, financial discomfort, lack of fulfillment",Minor,"The Nine of Pentacles is a card of self-sufficiency, luxury, and enjoying the fruits of your labor. It suggests a period of financial comfort and a sense of accomplishment.",,0,58.0,card_list_all
# Queen of Cups - Reversed,# Queen of Cups - Reversed (#%20Queen%20of%20Cups%20-%20Reversed%2013ef84a0440281f0aa01d9055192b3e0.md),Cups,48_Queen_of_Cups.jpg,,"Creative Block, Lack of Clarity, emotional disconnect",Minor,"The Queen of Cups embodies empathy, compassion, and emotional wisdom. She encourages you to trust your intuition, nurture others, and create a harmonious atmosphere.",,0,48.0,card_list_all
# Seven of Swords - Reversed,# Seven of Swords - Reversed (#%20Seven%20of%20Swords%20-%20Reversed%2013ef84a0440281f7b2aed8ee15543e1f.md),Swords,70_Seven_of_Swords.jpg,,"caution, deception, sneakiness",Minor,"The Seven of Swords symbolizes deception, sneakiness, and dishonesty. It advises caution in dealing with others and being aware of potential hidden agendas.",,0,70.0,card_list_all
# Page of Pentacles - Reversed,# Page of Pentacles - Reversed (#%20Page%20of%20Pentacles%20-%20Reversed%2013ef84a044028134aaf9f7fe9da03aae.md),Pentacles,60_Page_of_Pentacles.jpg,,"Lack of Clarity, Lack of Growth, Mental Confusion",Minor,"The Page of Pentacles signifies curiosity, a desire for knowledge, and the beginning of a practical venture. It encourages you to embrace a studious and methodical approach to your goals.",,0,60.0,card_list_all
# Six of Pentacles - Reversed,# Six of Pentacles - Reversed (#%20Six%20of%20Pentacles%20-%20Reversed%2013ef84a04402815e98d9ef29617c2bd5.md),Pentacles,55_Six_of_Pentacles.jpg,,"emotional detachment, imbalance in giving and receiving, lack of generosity",Minor,"The Six of Pentacles represents generosity, charity, and sharing your abundance with others. It suggests finding a balance between giving and receiving, whether materially or emotionally.",,0,55.0,card_list_all
# Nine of Cups - Reversed,# Nine of Cups - Reversed (#%20Nine%20of%20Cups%20-%20Reversed%2013ef84a0440281f4ac19f2a045a82893.md),Cups,44_Nine_of_Cups.jpg,,"emotional dissatisfaction, lack of contentment, unfulfilled desires",Minor,"The Nine of Cups is known as the ""Wish Card"" and represents contentment, fulfillment, and the realization of your desires. It signifies a time of emotional satisfaction and happiness.",,0,44.0,card_list_all
## IX The Nine of Swords - Reversed,## IX The Nine of Swords - Reversed (##%20IX%20The%20Nine%20of%20Swords%20-%20Reversed%2013ef84a0440281fa8d26f5922d3d312a.md),Swords,72_Nine_of_Swords.jpg,,"Anxiety, Emotional Setbacks, Inner Turmoil",Minor,"The Nine of Swords represents anxiety, worry, and sleepless nights. It acknowledges inner turmoil and encourages you to confront your fears to find peace of mind.",,0,72.0,card_list_all
# XV The Devil - Reversed,# XV The Devil - Reversed (#%20XV%20The%20Devil%20-%20Reversed%2013ef84a0440281388b73c84ef4ea12a4.md),Major Card,15_The_Devil.jpg,,"breaking free, liberation from materialism, overcoming temptation",Major,"The Devil card represents bondage, temptation, and materialism. It warns against being too focused on worldly desires and the need to break free.",,0,15.0,card_list_all
# Six of Cups - Reversed,# Six of Cups - Reversed (#%20Six%20of%20Cups%20-%20Reversed%2013ef84a0440281d59355f0b3e1e6c2f5.md),Cups,41_Six_of_Cups.jpg,,"Lack of Growth, emotional disconnect, lost nostalgia",Minor,"The Six of Cups symbolizes nostalgia, childhood memories, and innocence. It suggests reconnecting with your past, embracing nostalgia, and experiencing moments of pure joy.",,0,41.0,card_list_all
# XX Judgement - Reversed,# XX Judgement - Reversed (#%20XX%20Judgement%20-%20Reversed%2013ef84a0440281619920e0415bfc8283.md),Major Card,20_Judgement.jpg,,"Lack of Growth, Mental Confusion, missed opportunity",Major,"Judgement represents self-reflection, accountability, and a call to make amends. It suggests a moment of reckoning, personal growth, and embracing transformation.",,0,20.0,card_list_all
# Four of Swords - Reversed,# Four of Swords - Reversed (#%20Four%20of%20Swords%20-%20Reversed%2013ef84a044028186b9cdcd08d57e4283.md),Swords,67_Four_of_Swords.jpg,,"Recuperation, Rest, Stress Relief",Minor,"The Four of Swords represents rest, recuperation, and taking a break from stress. It advises you to give yourself time to recharge and recover, both mentally and physically.",,0,67.0,card_list_all
# Six of Wands - Reversed,# Six of Wands - Reversed (#%20Six%20of%20Wands%20-%20Reversed%2013ef84a04402814bb808c30abde2b805.md),Wands,27_Six_of_Wands.jpg,,"Financial Instability, Lack of Growth, missed opportunity",Minor,"The Six of Wands signifies victory, recognition, and success. It celebrates your achievements and suggests that you will be praised and acknowledged for your efforts.",,0,27.0,card_list_all
# Four of Wands - Reversed,# Four of Wands - Reversed (#%20Four%20of%20Wands%20-%20Reversed%2013ef84a0440281dbb2d9ea2c2ddf23be.md),Wands,25_Four_of_Wands.jpg,,"Lack of Growth, emotional disconnect, missed opportunity",Minor,"The Four of Wands symbolizes celebration, stability, and harmony. It marks a time of achievement and enjoying the fruits of your labor in a peaceful and loving environment.",,0,25.0,card_list_all
# Eight of Wands - Reversed,# Eight of Wands - Reversed (#%20Eight%20of%20Wands%20-%20Reversed%2013ef84a0440281f58002d3ba89adfe4f.md),Wands,29_Eight_of_Wands.jpg,,"communication breakdown, delayed action, lack of progress",Minor,"The Eight of Wands represents swift progress, communication, and momentum. It suggests that things are moving quickly, and it's time to take action or make decisions.",,0,29.0,card_list_all
# Six of Swords - Reversed,# Six of Swords - Reversed (#%20Six%20of%20Swords%20-%20Reversed%2013ef84a044028126bcd2d2fae91fb788.md),Swords,69_Six_of_Swords.jpg,,"Emotional Setbacks, Feeling Trapped, Lack of Clarity",Minor,"The Six of Swords represents a journey, transition, and moving away from turbulent waters toward calmer shores. It suggests leaving behind difficulties for a more peaceful future.",,0,69.0,card_list_all
# Eight of Swords - Reversed,# Eight of Swords - Reversed (#%20Eight%20of%20Swords%20-%20Reversed%2013ef84a0440281caa36dc063d87c17fb.md),Swords,71_Eight_of_Swords.jpg,,"Courage, Feeling Trapped, Self-Reflection",Minor,"The Eight of Swords signifies restriction, feeling trapped, and self-imposed limitations. It suggests that you may be holding yourself back and need to find the courage to break free.",,0,71.0,card_list_all
# Knight of Wands - Reversed,# Knight of Wands - Reversed (#%20Knight%20of%20Wands%20-%20Reversed%2013ef84a04402814fb24fd37fbec1619f.md),Wands,33_Knight_of_Wands.jpg,,"Impulsiveness, Lack of Direction, lack of focus",Minor,"The Knight of Wands represents ambition, adventure, and a go-getter attitude. It suggests a desire to pursue your goals with determination and the courage to take risks.",,0,33.0,card_list_all
# Two of Swords - Reversed,# Two of Swords - Reversed (#%20Two%20of%20Swords%20-%20Reversed%2013ef84a044028165923dd25cb4380656.md),Swords,65_Two_of_Swords.jpg,,"Choices, Conflict, Decisions",Minor,"The Two of Swords represents decisions, choices, and a temporary standstill. It advises you to weigh your options and find a balance between opposing forces before making a choice.",,0,65.0,card_list_all
# I The Magician - Reversed,# I The Magician - Reversed (#%20I%20The%20Magician%20-%20Reversed%2013ef84a044028120abeced64ce32d64b.md),Major Card,I_The_Magician.jpg,,"Creative Block, Lack of Clarity, missed opportunity",Major,The Magician symbolizes the power of manifestation and creativity. It suggests taking control of your destiny and using your skills to achieve your goals.,,0,1.0,card_list_all
# XIII Death - Reversed,# XIII Death - Reversed (#%20XIII%20Death%20-%20Reversed%2013ef84a0440281ad9679dc96f2c78771.md),Major Card,13_Death.jpg,,"Lack of Growth, Mental Confusion, stagnation",Major,"Death signifies transformation, endings, and rebirth. It represents a necessary change or letting go of the old to make way for the new and better.",,0,13.0,card_list_all
# XIX The Sun - Reversed,# XIX The Sun - Reversed (#%20XIX%20The%20Sun%20-%20Reversed%2013ef84a044028139a2f9c46831d39122.md),Major Card,19_The_Sun.jpg,,"Emotional Setbacks, Lack of Clarity, Missed Opportunities",Major,"The Sun radiates joy, success, and enlightenment. It signifies a period of happiness, clarity, and optimism, bringing positive energy into your life.",,0,19.0,card_list_all
# Four of Cups - Reversed,# Four of Cups - Reversed (#%20Four%20of%20Cups%20-%20Reversed%2013ef84a0440281c49d02e9fda89581ea.md),Cups,39_Four_of_Cups.jpg,,"New Opportunity, Self-Reflection, introspection",Minor,"The Four of Cups represents contemplation, introspection, and a period of self-reflection. It advises taking a break to reassess your current circumstances and consider new opportunities.",,0,39.0,card_list_all
# XII The Hanged Man - Reversed,# XII The Hanged Man - Reversed (#%20XII%20The%20Hanged%20Man%20-%20Reversed%2013ef84a0440281d3a385de459a407daa.md),Major Card,12_The_Hanged_Man.jpg,,"embracing change, letting go, new perspective",Major,"The Hanged Man suggests surrender, letting go, and gaining a new perspective. It advises embracing change and seeing situations from a different angle.",,0,12.0,card_list_all
# IV The Emperor - Reversed,# IV The Emperor - Reversed (#%20IV%20The%20Emperor%20-%20Reversed%2013ef84a04402813a9a66f90e6a624bce.md),Major Card,4_The_Emperor.jpg,,"feeling overwhelmed, lack of authority, loss of control",Major,"The Emperor stands for authority, leadership, and structure. It encourages you to take charge of your life and make well-considered decisions.",,0,4.0,card_list_all
# King of Cups - Reversed,# King of Cups - Reversed (#%20King%20of%20Cups%20-%20Reversed%2013ef84a0440281b1a212eed97a0d2c67.md),Cups,49_King_of_Cups.jpg,,"emotional instability, lack of emotional maturity, poor decision-making",Minor,"The King of Cups symbolizes emotional maturity, balance, and leadership in matters of the heart. It advises you to maintain emotional stability and make wise decisions based on your feelings.",,0,49.0,card_list_all
# King of Swords - Reversed,# King of Swords - Reversed (#%20King%20of%20Swords%20-%20Reversed%2013ef84a04402816ab997c10dfe6d9ea4.md),Swords,77_King_of_Swords.jpg,,"Intellectual Power, Lack of Clarity, Sharp Judgment",Minor,"The King of Swords symbolizes intellectual power, authority, and sharp judgment. It advises you to make decisions based on wisdom and truth, using your mental prowess to lead.",,0,77.0,card_list_all
# 0 The Fool - Reversed,# 0 The Fool - Reversed (#%200%20The%20Fool%20-%20Reversed%2013ef84a04402816eb8fdd4f4d75b8f1c.md),Major Card,0_The_Fool.jpg,,"Lack of Growth, emotional disconnect, stagnation",Major,"The Fool represents spontaneity, new beginnings, and embracing the unknown. It signifies a leap of faith and trusting the journey ahead.",,0,0.0,card_list_all
# VI The Lovers - Reversed,# VI The Lovers - Reversed (#%20VI%20The%20Lovers%20-%20Reversed%2013ef84a044028105bc62d4df75cb1a4f.md),Major Card,6_The_Lovers.jpg,,"Choices, Relationship Discord, emotional disconnect",Major,"The Lovers card represents love, partnerships, and choices. It indicates a significant decision, often related to matters of the heart and personal relationships.",,0,6.0,card_list_all
# Two of Cups - Reversed,# Two of Cups - Reversed (#%20Two%20of%20Cups%20-%20Reversed%2013ef84a04402817692eed1325f106bae.md),Cups,37_Two_of_Cups.jpg,,"Lack of Growth, emotional disconnect, unrequited love",Minor,"The Two of Cups represents partnership, unity, and a deep connection with someone. It signifies the formation of a meaningful bond or a romantic relationship built on mutual understanding.",,0,37.0,card_list_all
# Ace of Swords - Reversed,# Ace of Swords - Reversed (#%20Ace%20of%20Swords%20-%20Reversed%2013ef84a0440281cf8617d5c75b6e0a35.md),Swords,64_Ace_of_Swords.jpg,"Mar 17, 2024","Creative Block, Lack of Clarity, Mental Confusion",Minor,"The Ace of Swords signifies a new clarity, breakthroughs in thinking, and the triumph of truth and justice. It marks the beginning of a period of mental clarity and intellectual insight.","Untitled (https://www.notion.so/12308dd0598146e284c759411d670916?pvs=21), Sample Journal Entry: How can I best showcase the new template? (Sample%20Journal%20Entry%20How%20can%20I%20best%20showcase%20the%20n%2013ef84a044028110badfdc421fc7cdff.md)",1,64.0,card_list_all
# Knight of Swords - Reversed,# Knight of Swords - Reversed (#%20Knight%20of%20Swords%20-%20Reversed%2013ef84a04402810dbf0ef05b998b0fd1.md),Swords,75_Knight_of_Swords.jpg,,"Determination, Fearlessness, Lack of Clarity",Minor,"The Knight of Swords represents determination, swift action, and a fearless pursuit of your goals. It suggests charging forward with confidence and clarity of purpose.",,0,75.0,card_list_all
# III The Empress - Reversed,# III The Empress - Reversed (#%20III%20The%20Empress%20-%20Reversed%2013ef84a044028120b6a4d923ca7000e5.md),Major Card,3_The_Empress.jpg,,"Creative Block, Financial Instability, Loss",Major,"The Empress represents nurturing, abundance, and fertility. It signifies a time of growth and creativity, often related to family and nature.",,0,3.0,card_list_all
# Page of Cups - Reversed,# Page of Cups - Reversed (#%20Page%20of%20Cups%20-%20Reversed%2013ef84a0440281379540ea95c14b2e2b.md),Cups,46_Page_of_Cups.jpg,,"creative stagnation, emotional block, lack of inspiration",Minor,"The Page of Cups signifies creativity, intuition, and the emergence of new emotional experiences. It encourages you to be open to the world of feelings and artistic inspiration.",,0,46.0,card_list_all
# Queen of Wands - Reversed,# Queen of Wands - Reversed (#%20Queen%20of%20Wands%20-%20Reversed%2013ef84a0440281ce87e0d2a3563710cf.md),Wands,34_Queen_of_Wands.jpg,,"feeling overwhelmed, lack of confidence, self-doubt",Minor,"The Queen of Wands embodies charisma, confidence, and independence. She encourages you to embrace your inner power, be self-assured, and take the lead in your endeavors.",,0,34.0,card_list_all
# Three of Pentacles - Reversed,# Three of Pentacles - Reversed (#%20Three%20of%20Pentacles%20-%20Reversed%2013ef84a0440281a0bea0c19f811ce307.md),Pentacles,52_Three_of_Pentacles.jpg,,"Missed Opportunities, lack of collaboration, team discord",Minor,"The Three of Pentacles symbolizes collaboration, teamwork, and the recognition of your skills. It indicates the success that comes from working together with others on a common goal.",,0,52.0,card_list_all
# Knight of Cups - Reversed,# Knight of Cups - Reversed (#%20Knight%20of%20Cups%20-%20Reversed%2013ef84a04402810492b0ed79382ae4e7.md),Cups,47_Knight_of_Cups.jpg,,"Lack of Clarity, emotional disconnect, unrequited love",Minor,"The Knight of Cups represents romance, charm, and pursuing your heart's desires with a gentle and idealistic approach. It suggests following your emotional passions.",,0,47.0,card_list_all
# X The Wheel - Reversed,# X The Wheel - Reversed (#%20X%20The%20Wheel%20-%20Reversed%2013ef84a0440281beaa41cdd428b4ce2e.md),Major Card,10_The_Wheel.jpg,,"change, cycles, fate",Major,"The Wheel of Fortune signifies cycles, fate, and change. It reminds us that life is ever-changing, and we must adapt to both good and challenging times.",,0,10.0,card_list_all
# Three of Swords - Reversed,# Three of Swords - Reversed (#%20Three%20of%20Swords%20-%20Reversed%2013ef84a0440281e6b134fb9d1d4b499d.md),Swords,66_Three_of_Swords.jpg,,"Emotional Growth, Healing, Recovery",Minor,"The Three of Swords symbolizes heartbreak, sorrow, and emotional pain. It acknowledges the pain of loss but encourages the process of healing and emotional growth.",,0,66.0,card_list_all
# V The Hierophant - Reversed,# V The Hierophant - Reversed (#%20V%20The%20Hierophant%20-%20Reversed%2013ef84a044028153883ffa02538e3b7b.md),Major Card,5_The_Hierophant.jpg,,"lack of guidance, questioning authority, spiritual disconnection",Major,"The Hierophant signifies tradition, spirituality, and seeking guidance from established institutions. It urges you to follow established rules and ethics.",,0,5.0,card_list_all
# XVI The Tower - Reversed,# XVI The Tower - Reversed (#%20XVI%20The%20Tower%20-%20Reversed%2013ef84a04402817787c5ed5cf2a05566.md),Major Card,16_The_Tower.jpg,,"Chaos, Sudden Upheaval, transformation",Major,"The Tower signifies sudden upheaval, chaos, and revelations that disrupt the status quo, leading to a profound transformation. It warns of the need to adapt to unforeseen changes.",,0,16.0,card_list_all
# Page of Swords - Reversed,# Page of Swords - Reversed (#%20Page%20of%20Swords%20-%20Reversed%2013ef84a0440281b89e84d9989ecaffda.md),Swords,74_Page_of_Swords.jpg,,"curiosity, exploration, pursuit of knowledge",Minor,"The Page of Swords signifies curiosity, exploration, and the pursuit of knowledge. It encourages you to be inquisitive and open to new ideas and information.",,0,74.0,card_list_all
# Ten of Swords - Reversed,# Ten of Swords - Reversed (#%20Ten%20of%20Swords%20-%20Reversed%2013ef84a04402814faa21fcecf4493157.md),Swords,73_Ten_of_Swords.jpg,,"renewal, rock bottom, transformation",Minor,"The Ten of Swords symbolizes rock bottom, betrayal, and the end of a difficult cycle. It suggests that a challenging phase is coming to a close, allowing room for transformation and renewal.",,0,73.0,card_list_all
# Five of Pentacles - Reversed,# Five of Pentacles - Reversed (#%20Five%20of%20Pentacles%20-%20Reversed%2013ef84a0440281d1bc6ddd5d3a93b350.md),Pentacles,54_Five_of_Pentacles.jpg,,"Financial Struggle, Isolation, Loss",Minor,"The Five of Pentacles signifies hardship, financial struggle, and a feeling of loss or isolation. It encourages you to seek help and support during challenging times.",,0,54.0,card_list_all
# VII The Chariot - Reversed,# VII The Chariot - Reversed (#%20VII%20The%20Chariot%20-%20Reversed%2013ef84a0440281b1acf2f2dd94b33c0f.md),Major Card,7_The_Chariot.jpg,,"Determination, Triumph, Willpower",Major,"The Chariot symbolizes determination, willpower, and triumph over obstacles. It suggests moving forward with confidence and focus to reach your goals.",,0,7.0,card_list_all
# Ace of Wands - Reversed,# Ace of Wands - Reversed (#%20Ace%20of%20Wands%20-%20Reversed%2013ef84a0440281bb8436fa3e40585438.md),Wands,22_Ace_of_Wands.jpg,,"Creative Block, Lack of Growth, Mental Confusion",Minor,"The Ace of Wands denotes new opportunities, inspiration, and potential. It marks the beginning of a creative or passionate endeavor and encourages taking the first step.",,0,22.0,card_list_all
# Eight of Pentacles - Reversed,# Eight of Pentacles - Reversed (#%20Eight%20of%20Pentacles%20-%20Reversed%2013ef84a0440281cd8d48c29ef8ade59e.md),Pentacles,57_Eight_of_Pentacles.jpg,,"Diligence, Lack of Growth, Skill Development",Minor,"The Eight of Pentacles signifies dedication, skill development, and a commitment to your craft. It encourages you to put in the effort to improve your skills and achieve mastery.",,0,57.0,card_list_all
# IX The Nine of Wands - Reversed,# IX The Nine of Wands - Reversed (#%20IX%20The%20Nine%20of%20Wands%20-%20Reversed%2013ef84a04402814f895dcb79fc0b9296.md),Wands,30_Nine_of_Wands.jpg,,"Facing Challenges, Perseverance, Resilience",Minor,"The Nine of Wands signifies resilience, perseverance, and facing challenges head-on. It advises not giving up, even when you've faced multiple obstacles and setbacks.",,0,30.0,card_list_all
# XVIII The Moon - Reversed,# XVIII The Moon - Reversed (#%20XVIII%20The%20Moon%20-%20Reversed%2013ef84a0440281bc89f5c6ecb4eddafc.md),Major Card,18_The_Moon.jpg,,"Emotional Pain, Inner Turmoil, Uncertainty",Major,"The Moon symbolizes intuition, emotions, and the hidden. It indicates a need to explore your inner world, navigate through uncertainty, and trust your instincts.",,0,18.0,card_list_all
# Ten of Pentacles - Reversed,# Ten of Pentacles - Reversed (#%20Ten%20of%20Pentacles%20-%20Reversed%2013ef84a0440281089880d421af61e58d.md),Pentacles,59_Ten_of_Pentacles.jpg,,"Financial Instability, Lack of Growth, lost potential",Minor,"The Ten of Pentacles represents generational wealth, tradition, and a strong family legacy. It signifies the importance of family and the material and emotional security it provides.",,0,59.0,card_list_all
# Queen of Swords - Reversed,# Queen of Swords - Reversed (#%20Queen%20of%20Swords%20-%20Reversed%2013ef84a0440281539ffcfd31230589ab.md),Swords,76_Queen_of_Swords.jpg,,"Lack of Clarity, Mental Confusion, emotional disconnect",Minor,"The Queen of Swords embodies intellect, independence, and a keen sense of discernment. She encourages you to make decisions based on logic and reason while maintaining emotional strength.",,0,76.0,card_list_all
# XXI The World - Reversed,# XXI The World - Reversed (#%20XXI%20The%20World%20-%20Reversed%2013ef84a0440281a1a5adc148befc3bad.md),Major Card,21_The_World.jpg,,"Emotional Setbacks, Lack of Growth, Loss",Major,"The World symbolizes fulfillment, completion, and accomplishment. It signifies reaching a significant goal, achieving harmony, and celebrating your achievements.",,0,21.0,card_list_all
# Seven of Pentacles - Reversed,# Seven of Pentacles - Reversed (#%20Seven%20of%20Pentacles%20-%20Reversed%2013ef84a04402811da6c3ebb522efd2bb.md),Pentacles,56_Seven_of_Pentacles.jpg,,"Assessment, Lack of Growth, Reevaluation",Minor,"The Seven of Pentacles symbolizes patience, assessment, and reevaluating your progress. It advises taking a step back to review your efforts and consider whether adjustments are needed.",,0,56.0,card_list_all
# Eight of Cups - Reversed,# Eight of Cups - Reversed (#%20Eight%20of%20Cups%20-%20Reversed%2013ef84a04402812bbfe5f7a5425b9db3.md),Cups,43_Eight_of_Cups.jpg,,"Departure, Higher Purpose, Moving On",Minor,"The Eight of Cups symbolizes departure, moving on, and the pursuit of a higher purpose. It suggests that you are ready to leave behind what no longer serves you in search of emotional fulfillment.",,0,43.0,card_list_all
# XI Justice - Reversed,# XI Justice - Reversed (#%20XI%20Justice%20-%20Reversed%2013ef84a0440281e49e43f9c4853ea3d7.md),Major Card,11_Justice.jpg,,"Accountability, Conflict, Ethical Dilemmas",Major,"Justice represents fairness, balance, and accountability. It indicates that your actions have consequences and encourages ethical decision-making.",,0,11.0,card_list_all
# IX The Hermit - Reversed,# IX The Hermit - Reversed (#%20IX%20The%20Hermit%20-%20Reversed%2013ef84a044028166b9a1dbb7ad57ffbd.md),Major Card,9_The_Hermit.jpg,,"inner guidance, introspection, self-discovery",Major,"The Hermit represents introspection, solitude, and inner guidance. It suggests a time of self-discovery and seeking answers within.",,0,9.0,card_list_all
# Three of Wands - Reversed,# Three of Wands - Reversed (#%20Three%20of%20Wands%20-%20Reversed%2013ef84a0440281dfb594f26aaddcb8fd.md),Wands,24_Three_of_Wands.jpg,,"Lack of Growth, Mental Confusion, missed opportunity",Minor,"The Three of Wands indicates expansion, exploration, and foresight. It suggests looking beyond the horizon, taking calculated risks, and seeing your plans come to fruition.",,0,24.0,card_list_all
Two of Cups,Two of Cups (Two%20of%20Cups%2013ef84a044028199b1ecc7ce4ab5730b.md),Cups,37_Two_of_Cups.jpg,,"Connection, Partnership, Unity",Minor,"The Two of Cups signifies partnership, unity, and mutual attraction.",,0,37.0,card_list__all
Page of Swords,Page of Swords (Page%20of%20Swords%2013ef84a0440281bcb096e48fb7342765.md),Swords,74_Page_of_Swords.jpg,,"Curiosity, Exploration, Knowledge",Minor,One-liner: The Minor Swords card represents challenges and conflicts that require clear thinking and rational decision-making.,,0,74.0,card_list__all
II The High Priestess,II The High Priestess (II%20The%20High%20Priestess%2013ef84a04402810ba4fce1ff44157744.md),Major Card,2_The_High_Priestess.jpg,,"Hidden Knowledge, Intuition, Mystery",Major,The High Priestess: Intuition and inner wisdom guide the seeker toward deeper understanding.,,0,2.0,card_list__all
XI Justice,XI Justice (XI%20Justice%2013ef84a0440281f28cd1dd295ca703e3.md),Major Card,11_Justice.jpg,"Nov 22, 2024","Accountability, Balance, Fairness",Major,"The XI Justice card symbolizes fairness, truth, and the pursuit of balance in decisions.",Cody three card spread (Cody%20three%20card%20spread%20146f84a04402807d83cce055b41df00b.md),1,11.0,card_list__all
Three of Pentacles,Three of Pentacles (Three%20of%20Pentacles%2013ef84a0440281b490eff80f92927875.md),Pentacles,52_Three_of_Pentacles.jpg,,"Collaboration, Recognition, Teamwork",Minor,"The Three of Pentacles represents collaboration, mastery, and the value of teamwork in achieving goals.",,0,52.0,card_list__all
Seven of Cups,Seven of Cups (Seven%20of%20Cups%2013ef84a04402811faa2ed3be6cf044f0.md),Cups,42_Seven_of_Cups.jpg,,"Choices, Daydreams, Fantasies",Minor,"The Seven of Cups represents choices, illusions, and the need to focus on what truly matters.",,0,42.0,card_list__all
Six of Wands,Six of Wands (Six%20of%20Wands%2013ef84a04402817aa426e40188985d96.md),Wands,27_Six_of_Wands.jpg,,"Recognition, Success, Victory",Minor,"Victory and recognition are on the horizon, signaling success in your endeavors.",,0,27.0,card_list__all
X The Wheel,X The Wheel (X%20The%20Wheel%2013ef84a0440281ba82d5d13510770388.md),Major Card,10_The_Wheel.jpg,,"Change, Cycles, Fate",Major,"The Wheel signifies change, cycles, and the turning of fate.",,0,10.0,card_list__all
Eight of Pentacles,Eight of Pentacles (Eight%20of%20Pentacles%2013ef84a0440281d3b4eaf0b209926828.md),Pentacles,57_Eight_of_Pentacles.jpg,"Feb 19, 2025","Craftsmanship, Dedication, Skill Development",Minor,"The Eight of Pentacles represents diligence, skill development, and mastery through hard work.","Reading @February 19, 2025  (Reading%20@February%2019,%202025%2019ff84a0440280798884c15279654b89.md)",1,57.0,card_list__all
XIX The Sun,XIX The Sun (XIX%20The%20Sun%2013ef84a044028191b4f9e0f9dc93b32b.md),Major Card,19_The_Sun.jpg,,"Enlightenment, Joy, Success",Major,"One-liner: The Sun symbolizes joy, success, and positivity, illuminating the path ahead with optimism and clarity.",,0,19.0,card_list__all
XVIII The Moon,XVIII The Moon (XVIII%20The%20Moon%2013ef84a0440281eb943ee66b7eaccc8c.md),Major Card,18_The_Moon.jpg,,"Emotions, Hidden, Intuition",Major,"The Moon: Illusion, intuition, and the exploration of the subconscious.",,0,18.0,card_list__all
King of Pentacles,King of Pentacles (King%20of%20Pentacles%2013ef84a0440281098974ef0be5ad3f47.md),Pentacles,63_King_of_Pentacles.jpg,,"Financial Stability, Leadership, Mastery",Minor,"The King of Pentacles represents wealth, stability, and the pursuit of success through practicality and security.",,0,63.0,card_list__all
Nine of Pentacles,Nine of Pentacles (Nine%20of%20Pentacles%2013ef84a044028147b884e11ed4582456.md),Pentacles,58_Nine_of_Pentacles.jpg,"Feb 19, 2025","Accomplishment, Luxury, Self-Sufficiency",Minor,"The Nine of Pentacles signifies self-sufficiency, financial independence, and enjoying the fruits of your labor.","Reading @February 19, 2025  (Reading%20@February%2019,%202025%2019ff84a0440280798884c15279654b89.md)",1,58.0,card_list__all
XIII Death,XIII Death (XIII%20Death%2013ef84a044028188a967fd4ee63bf880.md),Major Card,13_Death.jpg,,"Endings, Rebirth, Transformation",Major,"The Death card signifies transformation, endings, and new beginnings.",,0,13.0,card_list__all
VII The Chariot ,VII The Chariot  (VII%20The%20Chariot%2013ef84a0440281d18126cf6061586049.md),Major Card,7_The_Chariot.jpg,,"Determination, Triumph, Willpower",Major,The Chariot: Triumph over obstacles and the determination to succeed.,,0,7.0,card_list__all
XIV Temperance,XIV Temperance (XIV%20Temperance%2013ef84a0440281018b05c838b8337058.md),Major Card,14_Temperance.jpg,,"Balance, Harmony, Moderation",Major,Balance and moderation are key to finding harmony in life.,,0,14.0,card_list__all
Six of Swords,Six of Swords (Six%20of%20Swords%2013ef84a04402817ab269ffccef4bd308.md),Swords,69_Six_of_Swords.jpg,"Feb 19, 2025","Journey, Moving Forward, Transition",Minor,"The Six of Swords signifies a journey towards healing and transition, often involving leaving behind difficulties for a brighter future.","Reading @February 19, 2025  (Reading%20@February%2019,%202025%2019ff84a0440280798884c15279654b89.md)",1,69.0,card_list__all
Seven of Swords,Seven of Swords (Seven%20of%20Swords%2013ef84a04402814fb1e4e6c6328af789.md),Swords,70_Seven_of_Swords.jpg,,"Caution, Deception, Sneakiness",Minor,"The Seven of Swords represents deception, strategy, and the need for caution in your pursuits.",,0,70.0,card_list__all
XII The Hanged Man,XII The Hanged Man (XII%20The%20Hanged%20Man%2013ef84a04402818fb42ee7e9e6508141.md),Major Card,12_The_Hanged_Man.jpg,,"Change, New Perspective, Surrender",Major,The Hanged Man: Surrender and new perspectives.,,0,12.0,card_list__all
XVI The Tower,XVI The Tower (XVI%20The%20Tower%2013ef84a0440281c0a590ce403d5b9d01.md),Major Card,16_The_Tower.jpg,,"Chaos, Sudden Upheaval, Transformation",Major,"The Tower: Sudden upheaval and revelation, leading to transformation.",,0,16.0,card_list__all
Six of Pentacles,Six of Pentacles (Six%20of%20Pentacles%2013ef84a044028162ade4d47a8184c87b.md),Pentacles,55_Six_of_Pentacles.jpg,,"Charity, Generosity, Sharing",Minor,"The Six of Pentacles represents generosity, balance, and the exchange of resources.",,0,55.0,card_list__all
Three of Swords,Three of Swords (Three%20of%20Swords%2013ef84a0440281b8ae44dc2b13fd16f2.md),Swords,66_Three_of_Swords.jpg,,"Emotional Pain, Heartbreak, Sorrow",Minor,"The Three of Swords represents heartbreak, emotional pain, and the experience of loss.",,0,66.0,card_list__all
Five of Cups,Five of Cups (Five%20of%20Cups%2013ef84a044028114aae1ebf41d8a0e5e.md),Cups,40_Five_of_Cups.jpg,,"Disappointment, Emotional Setbacks, Loss",Minor,"The Five of Cups signifies loss, regret, and the need to focus on what remains rather than what has been lost.",,0,40.0,card_list__all
Five of Wands,Five of Wands (Five%20of%20Wands%2013ef84a04402814288fefc6ccb1e4fec.md),Wands,26_Five_of_Wands.jpg,,"Challenges, Competition, Conflict",Minor,Conflict and competition; a struggle for power.,,0,26.0,card_list__all
Nine of Wands,Nine of Wands (Nine%20of%20Wands%2013ef84a0440281dcbc40cb3f51e84e2c.md),Wands,30_Nine_of_Wands.jpg,,"Facing Challenges, Perseverance, Resilience",Minor,The Nine of Wands represents resilience and perseverance in the face of challenges.,,0,30.0,card_list__all
Ten of Pentacles,Ten of Pentacles (Ten%20of%20Pentacles%2013ef84a0440281ef89f6d760895f9f31.md),Pentacles,59_Ten_of_Pentacles.jpg,"Nov 18, 2024","Family Legacy, Generational Wealth, Tradition",Minor,"Wealth, legacy, and family stability.",Cody three card spread (Cody%20three%20card%20spread%20142f84a0440280918672c7ec9bb8d7b5.md),1,59.0,card_list__all
Queen of Cups,Queen of Cups (Queen%20of%20Cups%2013ef84a04402815090d1ebf089a11ae4.md),Cups,48_Queen_of_Cups.jpg,"Feb 19, 2025","Compassion, Emotional Wisdom, Empathy",Minor,"The Queen of Cups represents emotional intelligence, compassion, and nurturing energy.","Reading @February 19, 2025  (Reading%20@February%2019,%202025%2019ff84a0440280798884c15279654b89.md)",1,48.0,card_list__all
Five of Pentacles,Five of Pentacles (Five%20of%20Pentacles%2013ef84a0440281c6af99f701b8c76429.md),Pentacles,54_Five_of_Pentacles.jpg,,"Financial Struggle, Hardship, Isolation",Minor,"The Five of Pentacles signifies hardship, struggle, and a sense of loss, often highlighting the need for support and community during difficult times.",,0,54.0,card_list__all
Seven of Wands,Seven of Wands (Seven%20of%20Wands%2013ef84a04402813b9469e9e41099b07a.md),Wands,28_Seven_of_Wands.jpg,,"Courage, Defending, Determination",Minor,Defend your position and stand your ground against adversity.,,0,28.0,card_list__all
IX The Hermit,IX The Hermit (IX%20The%20Hermit%2013ef84a0440281fc8aa5e8d5970cfcc0.md),Major Card,9_The_Hermit.jpg,,"Inner Guidance, Introspection, Solitude",Major,The Hermit: A journey inward for self-discovery and reflection.,,0,9.0,card_list__all
VI The Lovers,VI The Lovers (VI%20The%20Lovers%2013ef84a04402819abca5ce7cca2adacc.md),Major Card,6_The_Lovers.jpg,,"Choices, Love, Partnerships",Major,"Tarot Card One-Liner: A union of love and harmony, representing deep connections and choices in relationships.",,0,6.0,card_list__all
Page of Pentacles,Page of Pentacles (Page%20of%20Pentacles%2013ef84a044028153983aeeb5acaf78e9.md),Pentacles,60_Page_of_Pentacles.jpg,,"Curiosity, Knowledge, Practical Beginnings",Minor,"The Page of Pentacles represents a thirst for knowledge and a desire to learn new skills, particularly in the material or practical realm.",,0,60.0,card_list__all
VIII Strength,VIII Strength (VIII%20Strength%2013ef84a044028130bdb0cdfc76fdf34a.md),Major Card,8_Strength.jpg,,"Compassion, Inner Courage, Patience",Major,Strength: The courage to face challenges with confidence and compassion.,,0,8.0,card_list__all
Knight of Cups,Knight of Cups (Knight%20of%20Cups%2013ef84a0440281b7bbf2ec1529d7a57d.md),Cups,47_Knight_of_Cups.jpg,,"Charm, Pursuit of Desires, Romance",Minor,"The Knight of Cups represents a romantic and idealistic approach to life, embodying creativity and emotional depth.",,0,47.0,card_list__all
XXI The World,XXI The World (XXI%20The%20World%2013ef84a0440281eeb5fbeaaa51793a16.md),Major Card,21_The_World.jpg,,"Accomplishment, Completion, Fulfillment",Major,"The World: Completion and fulfillment, bringing together the lessons learned on your journey.",,0,21.0,card_list__all
King of Wands,King of Wands (King%20of%20Wands%2013ef84a04402811f8a56fdc165597b30.md),Wands,35_King_of_Wands.jpg,,"Leadership, Taking Charge, Vision",Minor,"The King of Wands represents leadership, vision, and the ability to inspire others.",,0,35.0,card_list__all
Ten of Swords,Ten of Swords (Ten%20of%20Swords%2013ef84a0440281c892b8e9ccbc704705.md),Swords,73_Ten_of_Swords.jpg,,"Betrayal, Rock Bottom, Transformation",Minor,"The Ten of Swords signifies betrayal, loss, and the end of a difficult situation, often indicating that while the worst may have happened, it also opens the door to new beginnings.",,0,73.0,card_list__all
Queen of Wands,Queen of Wands (Queen%20of%20Wands%2013ef84a0440281aaace0f0b8d08b72ed.md),Wands,34_Queen_of_Wands.jpg,,"Charisma, Confidence, Independence",Minor,"The Queen of Wands embodies confidence, creativity, and a bold spirit, inspiring those around her with her warmth and determination.",,0,34.0,card_list__all
Page of Cups,Page of Cups (Page%20of%20Cups%2013ef84a0440281aebb13e7275de7cdf4.md),Cups,46_Page_of_Cups.jpg,,"Creativity, Intuition, New Emotions",Minor,"The Page of Cups represents intuition, creativity, and emotional exploration.",,0,46.0,card_list__all
Two of Pentacles,Two of Pentacles (Two%20of%20Pentacles%2013ef84a0440281039e91eb932d1b18ba.md),Pentacles,51_Two_of_Pentacles.jpg,,"Adaptability, Balance, Juggling",Minor,"The Two of Pentacles signifies balance, adaptability, and the juggling of multiple responsibilities.",,0,51.0,card_list__all
Ace of Wands,Ace of Wands (Ace%20of%20Wands%2013ef84a0440281ceaa62c54d7780b1ef.md),Wands,22_Ace_of_Wands.jpg,,"Inspiration, New Opportunities, Potential",Minor,A spark of inspiration and creative energy awaits you.,,0,22.0,card_list__all
Ten of Wands,Ten of Wands (Ten%20of%20Wands%2013ef84a04402812b8c33c0c160a3c789.md),Wands,31_Ten_of_Wands.jpg,,"Burdens, Overwhelmed, Responsibilities",Minor,The Ten of Wands represents the burden of responsibility and the weight of commitments.,,0,31.0,card_list__all
Ace of Swords,Ace of Swords (Ace%20of%20Swords%2013ef84a0440281a4a4b6dd66b1e38e58.md),Swords,64_Ace_of_Swords.jpg,"Mar 17, 2024","Breakthroughs, New Clarity, Truth and Justice",Minor,"The Ace of Swords represents clarity, new ideas, and the power of the mind.","Untitled (https://www.notion.so/12308dd0598146e284c759411d670916?pvs=21), Sample Journal Entry: How can I best showcase the new template? (Sample%20Journal%20Entry%20How%20can%20I%20best%20showcase%20the%20n%2013ef84a044028110badfdc421fc7cdff.md)",1,64.0,card_list__all
King of Swords,King of Swords (King%20of%20Swords%2013ef84a044028196bcaee60815612d93.md),Swords,77_King_of_Swords.jpg,,"Authority, Intellectual Power, Sharp Judgment",Minor,"The King of Swords embodies intellect, authority, and clear communication, wielding power with fairness and wisdom.",,0,77.0,card_list__all
XX Judgement,XX Judgement (XX%20Judgement%2013ef84a044028175946ae1e4a1545d9f.md),Major Card,20_Judgement.jpg,,"Accountability, Self-Reflection, Transformation",Major,Tarot Card One-Liner: A moment of decisive clarity leading to a significant realization.,,0,20.0,card_list__all
Two of Wands,Two of Wands (Two%20of%20Wands%2013ef84a04402811d9730ceace1e42cee.md),Wands,23_Two_of_Wands.jpg,"Nov 18, 2024","Choices, New Direction, Planning",Minor,"The Two of Wands signifies planning, progress, and the exploration of new possibilities.",Cody three card spread (Cody%20three%20card%20spread%20142f84a0440280918672c7ec9bb8d7b5.md),1,23.0,card_list__all
XVII The Stars,XVII The Stars (XVII%20The%20Stars%2013ef84a044028110b968c96ea1c73e97.md),Major Card,17_The_Stars.jpg,,"Hope, Inspiration, Spiritual Guidance",Major,"Tarot Card One-Liner: The Stars signify hope, inspiration, and a sense of purpose.",,0,17.0,card_list__all
Four of Wands,Four of Wands (Four%20of%20Wands%2013ef84a044028177b3f0d5dc31a223f9.md),Wands,25_Four_of_Wands.jpg,,"Celebration, Harmony, Stability",Minor,"The Four of Wands signifies celebration, harmony, and a sense of community.",,0,25.0,card_list__all
Nine of Cups,Nine of Cups (Nine%20of%20Cups%2013ef84a04402815d9acce3771bfc5143.md),Cups,44_Nine_of_Cups.jpg,,"Contentment, Fulfillment, Wishes",Minor,"The Nine of Cups signifies emotional fulfillment, contentment, and the realization of dreams.",,0,44.0,card_list__all
XV The Devil,XV The Devil (XV%20The%20Devil%2013ef84a04402816c89f1e971b4660143.md),Major Card,15_The_Devil.jpg,,"Bondage, Materialism, Temptation",Major,"The Devil represents temptation, materialism, and the struggle between freedom and control.",,0,15.0,card_list__all
Eight of Cups,Eight of Cups (Eight%20of%20Cups%2013ef84a0440281f48cabf7c7c68e708e.md),Cups,43_Eight_of_Cups.jpg,,"Departure, Higher Purpose, Moving On",Minor,"The Eight of Cups signifies a journey of introspection and the pursuit of deeper meaning, often involving leaving behind what no longer serves you.",,0,43.0,card_list__all
Three of Wands,Three of Wands (Three%20of%20Wands%2013ef84a0440281f892eaff4f74dd5416.md),Wands,24_Three_of_Wands.jpg,,"Expansion, Exploration, Foresight",Minor,"The Three of Wands signifies expansion, foresight, and the exploration of new opportunities.",,0,24.0,card_list__all
Knight of Wands,Knight of Wands (Knight%20of%20Wands%2013ef84a04402817fb00af7a8c3b22bb8.md),Wands,33_Knight_of_Wands.jpg,,"Adventure, Ambition, Determination",Minor,"The Knight of Wands represents action, adventure, and the pursuit of passions with enthusiasm and confidence.",,0,33.0,card_list__all
Queen of Swords,Queen of Swords (Queen%20of%20Swords%2013ef84a0440281ee9327ec3bdd14486e.md),Swords,76_Queen_of_Swords.jpg,,"Discernment, Independence, Intellect",Minor,"The Queen of Swords represents clarity, intellect, and independent thinking, often embodying a strong and assertive woman who values truth and fairness.",,0,76.0,card_list__all
Two of Swords,Two of Swords (Two%20of%20Swords%2013ef84a04402817d93d6db6e4ca3fdee.md),Swords,65_Two_of_Swords.jpg,,"Balance, Choices, Decisions",Minor,"Two of Swords: A card of difficult decisions and the need for balance, often representing inner conflict and the choice between two paths.",,0,65.0,card_list__all
Four of Pentacles,Four of Pentacles (Four%20of%20Pentacles%2013ef84a04402813e8f41e31656e42b4d.md),Pentacles,53_Four_of_Pentacles.jpg,,"Conservation, Possessions, Stability",Minor,"The Four of Pentacles symbolizes control, stability, and the need to hold on to resources.",,0,53.0,card_list__all
IV The Emperor,IV The Emperor (IV%20The%20Emperor%2013ef84a044028194a1ffc55c0cf700a2.md),Major Card,4_The_Emperor.jpg,,"Authority, Leadership, Structure",Major,"The Emperor: Authority, structure, and control in a chaotic world.",,0,4.0,card_list__all
Eight of Wands,Eight of Wands (Eight%20of%20Wands%2013ef84a04402817a9921c0c7a293be7f.md),Wands,29_Eight_of_Wands.jpg,"Feb 19, 2025","Communication, Momentum, Swift Progress",Minor,Swift movement and progress; things are happening quickly.,"Reading @February 19, 2025  (Reading%20@February%2019,%202025%2019ff84a0440280798884c15279654b89.md)",1,29.0,card_list__all
Nine of Swords,Nine of Swords (Nine%20of%20Swords%2013ef84a04402816590a7c6022b9f1578.md),Swords,72_Nine_of_Swords.jpg,,"Anxiety, Inner Turmoil, Worry",Minor,"The Nine of Swords represents anxiety, worry, and the burdens of the mind, often indicating sleepless nights and deep fears that may be unfounded.",,0,72.0,card_list__all
Ace of Cups,Ace of Cups (Ace%20of%20Cups%2013ef84a044028144945bf5c4aa2c45f1.md),Cups,36_Ace_of_Cups.jpg,,"Heartwarming, Love, New Emotions",Minor,"The Ace of Cups represents new emotional beginnings, creativity, and deep connections.",,0,36.0,card_list__all
Knight of Swords,Knight of Swords (Knight%20of%20Swords%2013ef84a0440281a79932f9f8ec6f89bf.md),Swords,75_Knight_of_Swords.jpg,,"Determination, Fearlessness, Swift Action",Minor,"The Knight of Swords represents swift action, decisive communication, and the pursuit of truth with courage.",,0,75.0,card_list__all
Ace of Pentacles,Ace of Pentacles (Ace%20of%20Pentacles%2013ef84a044028121b12cdfeabceb4dc2.md),Pentacles,50_Ace_of_Pentacles.jpg,,"Material Well-Being, New Opportunity, Prosperity",Minor,A new beginning and the potential for prosperity and success.,,0,50.0,card_list__all
Four of Swords,Four of Swords (Four%20of%20Swords%2013ef84a044028172bc0cc2bdfc1e4d1f.md),Swords,67_Four_of_Swords.jpg,,"Recuperation, Rest, Stress Relief",Minor,"The Four of Swords represents rest, contemplation, and recovery, urging a time for reflection and healing before moving forward.",,0,67.0,card_list__all
Page of Wands,Page of Wands (Page%20of%20Wands%2013ef84a0440281109795e88eef594dee.md),Wands,32_Page_of_Wands.jpg,,"Creative Inspiration, Enthusiasm, Exploration",Minor,"One-Liner: The Page of Wands embodies enthusiasm, exploration, and the spark of new ideas.",,0,32.0,card_list__all
Eight of Swords,Eight of Swords (Eight%20of%20Swords%2013ef84a04402817ca2b8ca765436f53c.md),Swords,71_Eight_of_Swords.jpg,,"Feeling Trapped, Liberation, Restriction",Minor,"The Eight of Swords represents feeling trapped or restricted, often due to self-imposed limitations.",,0,71.0,card_list__all
0 The Fool,0 The Fool (0%20The%20Fool%2013ef84a0440281959de7c97545ad86e3.md),Major Card,0_The_Fool.jpg,"Feb 19, 2025","New Beginnings, Spontaneity, Trust",Major,"The Fool represents new beginnings, spontaneity, and a leap of faith.","Reading @February 19, 2025  (Reading%20@February%2019,%202025%2019ff84a0440280798884c15279654b89.md)",1,0.0,card_list__all
Ten of Cups,Ten of Cups (Ten%20of%20Cups%2013ef84a04402811baf36f84d81e39d94.md),Cups,45_Ten_of_Cups.jpg,,"Domestic Bliss, Harmony, Love",Minor,"The Ten of Cups represents emotional fulfillment, harmony in relationships, and a sense of lasting happiness.",,0,45.0,card_list__all
Five of Swords,Five of Swords (Five%20of%20Swords%2013ef84a04402814382e4ca1ef03e3c27.md),Swords,68_Five_of_Swords.jpg,,"Caution, Conflict, Rivalry",Minor,"The Five of Swords represents conflict, tension, and the consequences of winning at all costs.",,0,68.0,card_list__all
Queen of Pentacles,Queen of Pentacles (Queen%20of%20Pentacles%2013ef84a04402810a88a7f6080c1648ab.md),Pentacles,62_Queen_of_Pentacles.jpg,,"Abundance, Connection to Nature, Nurturing",Minor,"The Queen of Pentacles symbolizes nurturing, practicality, and financial security.",,0,62.0,card_list__all
Knight of Pentacles,Knight of Pentacles (Knight%20of%20Pentacles%2013ef84a044028129ae84c079c99d4fd8.md),Pentacles,61_Knight_of_Pentacles.jpg,,"Diligence, Methodical Approach, Reliability",Minor,"The Knight of Pentacles represents responsibility, hard work, and dedication to achieving goals.",,0,61.0,card_list__all
Four of Cups,Four of Cups (Four%20of%20Cups%2013ef84a0440281938c3fd65cc0a40847.md),Cups,39_Four_of_Cups.jpg,,"Contemplation, Introspection, Self-Reflection",Minor,"The Four of Cups signifies contemplation, apathy, and reevaluation of emotional needs.",,0,39.0,card_list__all
King of Cups,King of Cups (King%20of%20Cups%2013ef84a0440281938f0aeff26e844982.md),Cups,49_King_of_Cups.jpg,,"Balance, Emotional Maturity, Leadership",Minor,"The King of Cups represents emotional maturity, compassion, and a balanced approach to relationships.",,0,49.0,card_list__all
III The Empress,III The Empress (III%20The%20Empress%2013ef84a0440281b092faff1974d00861.md),Major Card,3_The_Empress.jpg,,"Abundance, Fertility, Nurturing",Major,The Empress: Nurturing abundance and fertility; a symbol of creativity and growth.,,0,3.0,card_list__all
Three of Cups,Three of Cups (Three%20of%20Cups%2013ef84a044028142b778f1e2c00e46f3.md),Cups,38_Three_of_Cups.jpg,,"Celebration, Joy, Social Gatherings",Minor,"The Three of Cups symbolizes celebration, friendship, and community.",,0,38.0,card_list__all
Seven of Pentacles,Seven of Pentacles (Seven%20of%20Pentacles%2013ef84a0440281f88649fe5937aca06e.md),Pentacles,56_Seven_of_Pentacles.jpg,"Feb 19, 2025","Assessment, Patience, Reevaluation",Minor,"The Seven of Pentacles signifies patience, perseverance, and the rewards of hard work.","Reading @February 19, 2025  (Reading%20@February%2019,%202025%2019ff84a0440280798884c15279654b89.md)",1,56.0,card_list__all
Six of Cups,Six of Cups (Six%20of%20Cups%2013ef84a04402816ea142d68bad986213.md),Cups,41_Six_of_Cups.jpg,,"Childhood Memories, Innocence, Nostalgia",Minor,"The Six of Cups represents nostalgia, childhood memories, and the innocence of the past.",,0,41.0,card_list__all
V The Hierophant,V The Hierophant (V%20The%20Hierophant%2013ef84a0440281c08657fbfb64996eb1.md),Major Card,5_The_Hierophant.jpg,,"Guidance, Spirituality, Tradition",Major,"The Hierophant symbolizes spiritual wisdom, tradition, and the search for deeper meaning.",,0,5.0,card_list__all
I The Magician,I The Magician (I%20The%20Magician%2013ef84a044028186a087d846b7896d70.md),Major Card,I_The_Magician.jpg,,"Creativity, Manifestation, Skill",Major,The Magician: Manifestation and resourcefulness; the power to create and transform.,,0,1.0,card_list__all
IV the Emperor Reversed,,Major Card,,"Nov 18, 2024",,,"The Emperor Reversed signifies chaos, lack of control, and the need to rethink authority and structure in your life.",Cody three card spread (Cody%20three%20card%20spread%20142f84a0440280918672c7ec9bb8d7b5.md),1,,card_list__all
Eight of swords reversed,,,,"Nov 18, 2024",,,The Eight of Swords reversed signifies liberation from restrictions and the courage to face challenges head-on.,Cody three card spread (Cody%20three%20card%20spread%20142f84a0440280918672c7ec9bb8d7b5.md),1,,card_list__all
Ace of Pentacles Reversed,,,,"Nov 22, 2024",,,The Ace of Pentacles Reversed signifies missed opportunities and a lack of resources or stability.,Cody three card spread (Cody%20three%20card%20spread%20146f84a04402807d83cce055b41df00b.md),1,,card_list__all
XX Judgement Reversed,,,,"Nov 22, 2024",,,The XX Judgement card reversed signifies self-doubt and a reluctance to face the truth.,Cody three card spread (Cody%20three%20card%20spread%20146f84a04402807d83cce055b41df00b.md),1,,card_list__all
,,,,,,,The Fool: Embrace new beginnings and take a leap of faith.,,0,,card_list__all
Ace of Swords Reversed,,,,"Feb 19, 2025","Communication, Inner Turmoil",,"The Ace of Swords Reversed signifies confusion, miscommunication, and a lack of clarity in thoughts and decisions.","Reading @February 19, 2025  (Reading%20@February%2019,%202025%2019ff84a0440280798884c15279654b89.md)",1,,card_list__all
Two of Wands Reversed,,,,"Feb 19, 2025","Caution, New Opportunities",,"The Two of Wands Reversed signifies a lack of planning and the fear of taking risks, often leading to missed opportunities.","Reading @February 19, 2025  (Reading%20@February%2019,%202025%2019ff84a0440280798884c15279654b89.md)",1,,card_list__all
The Chariot Reversed,,,,"Feb 19, 2025","Emotional Setbacks, Inner Turmoil, Loss",,"The Chariot Reversed signifies a lack of direction, struggle with control, and feeling overwhelmed by obstacles.","Reading @February 19, 2025  (Reading%20@February%2019,%202025%2019ff84a0440280798884c15279654b89.md)",1,,card_list__all
Knight of Wands Reversed,,,,"Feb 19, 2025","Anxiety, Emotional Setbacks, Feeling Trapped",,"The Knight of Wands Reversed signifies delays, frustration, and a lack of direction in pursuing your passions.","Reading @February 19, 2025  (Reading%20@February%2019,%202025%2019ff84a0440280798884c15279654b89.md)",1,,card_list__all
The Empress Reversed,,,,"Feb 19, 2025","Emotional Pain, Emotional Setbacks, Loss",,"The Empress Reversed signifies a lack of nurturing and creativity, suggesting a need to reconnect with your inner self and embrace growth.","Reading @February 19, 2025  (Reading%20@February%2019,%202025%2019ff84a0440280798884c15279654b89.md)",1,,card_list__all
The Magician Reversed,,,,"Feb 19, 2025","Deception, Emotional Setbacks, Feeling Trapped",,The Magician Reversed: Manipulation and deception can lead to lost opportunities.,"Reading @February 19, 2025  (Reading%20@February%2019,%202025%2019ff84a0440280798884c15279654b89.md)",1,,card_list__all
